行标签,计数项:label
独立电子书,54
科普,49
程序员,43
数学,42
程序设计,39
python,38
图灵新知,37
码农,35
javascript,35
设计,34
韩语,34
移动开发,32
软件开发,29
数据分析,29
数据库,29
前端,27
机器学习,27
算法,26
o&#39;reilly,26
Java,26
交互设计,25
android,24
游戏,22
web开发,22
数据挖掘,21
ios,21
用户体验,19
清华大学出版社,19
css,17
安全,17
云计算,16
linux,16
人工智能,15
敏捷开发,15
html5,14
项目管理,13
ruby,13
swift,13
manning,13
数据科学,12
计算机科学,12
编程,12
物理,11
mysql,11
c#,11
ui,11
少儿科普,10
创业,10
jolt大奖,10
C语言,10
统计,9
纪念图灵,9
ux,9
node,9
软件工程,8
深度学习,8
图解,8
数据可视化,8
sql,8
it人文,8
c++,8
hadoop,8
ai-ebook,8
jQuery,8
nosql,8
oracle,8
设计模式,7
自制,7
物联网,7
企业管理,7
产品经理,7
R语言,7
性能优化,6
数据结构,6
职业素养,6
数学科普,6
敏捷,6
计算机,6
架构师,6
函数式编程,6
iphone,6
unix,6
mongodb,6
docker,6
seo,6
php,6
Spark,6
javascript框架,6
Go,6
objective-c,6
mac,6
性能,5
心理学,5
数据处理,5
运维,5
信息图,5
时间管理,5
体验设计,5
思维,5
微服务,5
文集,5
网站设计,5
操作系统,5
模式,5
管理,5
黑客,5
代码外的,5
精益,5
访谈,5
架构,5
计算机网络,5
iphone开发,5
编程语言,5
api,5
diy,5
Scala,5
unity,5
HTTP,5
认知,4
软件架构,4
艺术,4
图书目录,4
阮一峰,4
通信,4
移动游戏开发,4
神经网络,4
图灵书目,4
宇宙,4
游戏设计,4
正则表达式,4
天文学,4
网络与通信,4
人物传记,4
网站开发,4
统计学,4
网络编程,4
测试驱动开发,4
黑客攻防,4
可用性,4
并发,4
逆向工程,4
并发编程,4
精益系列丛书,4
东京大学,4
产品设计,4
硅谷,4
平面设计,4
devops,4
.net,4
git,4
ipad开发,4
thoughtworks,4
Erlang,4
angular,4
web安全,4
ios开发,4
Clojure,4
系统管理,3
游戏机,3
软件调试,3
图灵目录,3
数据采集,3
少儿编程,3
效率,3
软件测试,3
硬件,3
容器,3
通信原理,3
推荐系统,3
数学思维,3
网络技术,3
响应式设计,3
网络架构,3
信息可视化,3
网络营销,3
应用开发,3
社会工程,3
渗透测试,3
数学女孩,3
生物学,3
微积分,3
哲学,3
温伯格,3
无人机,3
协议,3
科技史,3
逆向分析,3
概率统计,3
工业设计,3
服务器,3
程序设计理论,3
科普数学,3
函数式,3
面试,3
程序员的数学,3
界面设计,3
互联网,3
开发,3
持续交付,3
产品开发,3
亲子,3
概率论,3
计算机工作基本原理,3
每周特价,3
计算机历史,3
脑科学,3
计算机视觉,3
高可用架构,3
儿童读物,3
机器人,3
计算机程序设计艺术,3
求职招聘,3
shell,3
react-native,3
web,3
Android开发,3
ruby-on-rails,3
ipad,3
CCNA,3
Arduino,3
you-don&#39;t-know-js,3
mariadb,3
redis,3
asp.net,3
cocos2d-x,3
openflow,3
software-design,3
openstack,3
tcp/ip,3
bootstrap,3
web设计,3
html,3
React,3
r,3
组合算法,2
音乐,2
职业发展,2
香农,2
网络爬虫,2
社交网络,2
无线通信,2
思考,2
重构,2
小决心,2
营销,2
小说,2
数学趣题,2
图像处理,2
挑战,2
咨询,2
设计心理学,2
商业洞见,2
设计师,2
思科认证,2
微软,2
信息安全,2
引力波,2
日本经济,2
未来,2
信息论,2
陶哲轩,2
软件安全,2
游戏关卡设计,2
思维修炼,2
生命科学,2
性能测试,2
语音识别,2
性能分析,2
数学史,2
松本行弘,2
软件项目管理,2
搜索引擎,2
职业规划,2
移动通信,2
指针,2
移动应用,2
线性代数,2
搜索引擎优化,2
写给大家看的设计书,2
网络存储,2
底层,2
电子电气,2
路由和交换认证,2
基础设施,2
创客,2
极客,2
可视化,2
读书笔记,2
超弦理论,2
多线程,2
电子学,2
编译,2
科技即商业,2
恶意代码,2
电路,2
代码,2
垃圾回收,2
编译原理,2
电商,2
病毒,2
故事,2
全栈开发,2
排序,2
程序设计竞赛,2
汽车,2
健康,2
科幻小说,2
教育,2
负载均衡,2
解题,2
科普读物,2
分布式,2
科学,2
进程,2
电路设计,2
经济管理,2
浏览器,2
编译器,2
高效,2
精益创业,2
沟通,2
精益企业,2
命令行,2
粉丝经济,2
内核,2
矩阵计算,2
电子实验,2
创新,2
品牌,2
开关电源,2
气象,2
开源,2
电子杂志,2
开源技术,2
考试指南,2
计算数学,2
架构设计,2
acm,2
kotlin,2
Web分析,2
actionscript,2
svg,2
比特币,2
webgl,2
版本控制,2
zookeeper,2
flash,2
sql-server,2
opencv,2
tensorflow,2
infoq,2
architect,2
dba,2
web编程,2
erp,2
lisp,2
PostgreSQL,2
版本管理,2
pragmatic,2
kubernetes,2
express,2
Storm,2
javacript,2
linus,2
extjs,2
github,2
app-inventor,2
CIO,2
rpc,2
WEB+DB,2
jquery-mobile,2
Haskell,2
3d打印,2
web编程与设计,2
jvm,2
web前端,2
Scratch,2
django,2
scrum,2
安卓,2
keras,2
ios编程,2
shell脚本编程,2
NumPy,2
娱乐文化,1
移动产品,1
智能制造,1
图灵数学,1
影响地图,1
图灵图书,1
糟糕的设计,1
矢量图,1
需求,1
图灵原创,1
遗传学,1
图论,1
用户体验设计,1
使用技巧,1
云,1
使用捷径,1
统计思维,1
图像识别,1
自然,1
团队沟通,1
研发,1
团队建设,1
软件交付,1
团队开发,1
太阳能,1
团队设计,1
硬件排错,1
视觉编程,1
游戏编程,1
推送,1
元器件,1
拓扑,1
云数据库,1
万能证明,1
时间序列,1
网络,1
实分析,1
网络安全,1
图灵机,1
手机游戏开发,1
足球,1
首席技术官,1
学习方法,1
首席信息官,1
移动ui设计,1
书目,1
日文书,1
数据,1
随机过程,1
色彩,1
太空,1
数据仓库,1
日志,1
网络硬件,1
特刊,1
商业策略,1
特征选择方法,1
网站,1
优质API,1
网站分析,1
天文,1
网站架构,1
软件设计,1
入门教程,1
源代码,1
商业模式,1
云计算网络,1
网站运维,1
入门,1
商业智能,1
张玳,1
数据科学家,1
知识自动化,1
少儿,1
图表,1
入侵,1
智能应用,1
数据库编程,1
注意力,1
数据清洗,1
自动化测试,1
人文学,1
自我启发,1
数据压缩,1
组成原理,1
数理统计,1
学习,1
软件,1
牙齿,1
数学标普,1
移动ui,1
系统开发,1
移动安全,1
系统设计,1
移动互联网,1
系统维护,1
移动设计,1
系统移植,1
算法交易系统,1
弦理论,1
移动终端,1
现代编程,1
以太网,1
设计的元素,1
异步编程,1
设计的原则,1
谭浩强,1
响应式web设计,1
营养学,1
任天堂,1
套接字,1
项目,1
硬件产品,1
项目百态,1
用户思维,1
软件安全与逆向分析,1
用户体验策略,1
项目开发,1
优秀程序员,1
消化器官,1
体感交互,1
消息队列,1
生活,1
小白,1
天文摄影,1
小波,1
宇航员,1
设计思考,1
生物进化,1
数学物理学,1
原型设计,1
效果实例,1
源代码管理,1
数学之美,1
人机交互,1
数字时代,1
云平台,1
协作,1
运算放大器,1
数字艺术,1
杂志,1
写作,1
站长,1
写作软件,1
招聘,1
说服力,1
统计方法,1
新思维,1
肢体语言,1
人物,1
时间序列分析,1
思考方法,1
职业修养,1
设计原则,1
质数,1
信息设计,1
智能硬件,1
软件发布,1
图灵,1
社会化媒体,1
转换率,1
思想,1
咨询的奥秘,1
日记,1
自行车,1
性能调优,1
自然语言处理,1
摄影,1
实例化需求,1
修炼,1
足球教育,1
虚拟化,1
实战,1
虚拟机,1
网络管理,1
美食,1
科学史,1
苹果开发,1
电子书,1
雷电,1
后端,1
南梦宫,1
创意,1
求职,1
互联网产品设计,1
客户端存储,1
互联网创业,1
领域特定语言,1
化石,1
常数,1
化学,1
偶像经济,1
化学元素,1
不完全性定理,1
回归测试,1
高等数学,1
从失败中学习,1
可扩展性,1
部署,1
框架,1
基础教程,1
粒子物理,1
达尔文,1
逻辑,1
基因,1
电子技术,1
动画,1
模拟和混合信号系统,1
极限编程,1
能源,1
集群,1
持续集成,1
计算复杂度,1
企业家,1
菜鸟,1
乔尔,1
动物,1
创设计：abduzeedo灵感指南,1
计算机概论,1
科学发现,1
并发模型,1
可穿戴设备,1
大型机,1
高效编程,1
计算机科学方向,1
跨平台应用,1
读心术,1
扩展,1
多人游戏,1
理论物理,1
计算机算法,1
量子物理,1
计算机体系结构,1
流程,1
热门技术,1
创新思考,1
人本,1
密码技术,1
计算机英语,1
面向模块开发,1
计算机语言,1
敏捷项目,1
计算理论,1
成功,1
扁平化,1
内存管理,1
测试,1
管理技巧,1
技术史,1
海量数据,1
技术推广,1
苹果电脑,1
加密,1
七周,1
多元宇宙,1
企业模式,1
驱动,1
嵌入式,1
趣味科学,1
好习惯,1
全文检索,1
布道者,1
持续学习,1
程序员面试,1
代码优化,1
电子产业,1
儿童教育,1
科学家,1
渐进增强,1
科学素养,1
产品管理,1
可口可乐,1
脚本,1
电子电路,1
脚本语言,1
可用性测试,1
番茄工作法,1
客户开发,1
接口,1
跨学科,1
解密,1
框架设计,1
翻译计划,1
高性能,1
翻译技巧,1
离散数学,1
金融学,1
历史,1
反汇编,1
量子力学,1
京东,1
量子物理学历史,1
经典读物,1
哥德尔不完备定理,1
经管,1
工程数学,1
经济,1
逻辑题解析,1
反模式,1
工作流,1
精算,1
谜题,1
精算师,1
密码学,1
倒漏斗,1
面试指南,1
访谈录,1
面向模式的软件架构,1
费马大定理,1
古典音乐,1
精益设计,1
电子商务,1
出国,1
模拟自然,1
静态网站,1
南极,1
分布式系统,1
顾森,1
具体数学,1
拨云见日,1
剧本,1
逆袭大学,1
决策自动化,1
广告,1
分析,1
电子设计,1
开发过程系列,1
品牌设计,1
开发技巧,1
苹果,1
开发人员,1
苹果公司,1
开放书,1
破解,1
地球,1
程序,1
风险投资,1
企业敏捷,1
凤凰项目,1
捕鱼达人,1
看板,1
程序开发,1
地质,1
嵌入式linux,1
科幻,1
航空,1
程序员管理,1
情感设计,1
科技发展,1
合作,1
复杂性,1
概率,1
全球企业开发大会,1
查找,1
全栈,1
简约至上,1
缺陷管理,1
建筑,1
建筑学,1
编码,1
计算机文化,1
ipsec-vpn,1
infra,1
wooyun,1
joel-spolsky,1
tcp/ip套接字,1
etcd,1
it学子成长指导,1
App应用,1
宝石,1
excel,1
4G,1
json,1
twitter,1
c标准,1
it产业,1
jvm上的多语言编程,1
web设计软件,1
kafka,1
爱情,1
kali-linux,1
scrivener,1
cocos2d,1
Solr,1
kernighan,1
IoT,1
kinect,1
Android移动,1
ext-js,1
unity3d,1
fcoe,1
visual-basic,1
lambda,1
web-app,1
lambdas,1
web-开发,1
Launcher,1
windows-phone,1
LBS,1
yuntable,1
c指针,1
jBPM,1
Flask,1
illustrator,1
Linux架构,1
sdn,1
Linux应用技巧,1
sketch,1
FPS,1
spring,1
loadrunner,1
SSE,1
Lucene,1
Tableau,1
2016,1
DSL,1
Mahout,1
tomcat,1
gae,1
chrome,1
database,1
chromium,1
matz,1
Verilog-A/AMS,1
metasploit,1
vue.js,1
Metor,1
web--analytics,1
MInecraft,1
webkit,1
MMORPG,1
it职场,1
mobile,1
web前端开发,1
arm,1
windows-8.1,1
mruby,1
windows编程,1
asp,1
xml,1
neo4j,1
zynq,1
ng-book,1
cucumber,1
nginx,1
版式设计,1
db2,1
Sass,1
axure-rp,1
infographic,1
cocoa,1
CouchDB,1
Go 语言,1
cassandra,1
编程入门,1
Io,1
gof,1
cpu,1
google,1
ios-7,1
google-glass,1
ceo,1
groovy,1
SRE,1
akb48,1
docker容器,1
oracle-database-12c,1
charles-petzold,1
oracle-pl/sql,1
drbd,1
OSGi,1
techstars,1
p/np问题,1
Theano,1
phone-7,1
three.js,1
PhoneGap,1
tom-kyte,1
photoshop,1
UCD,1
BPM治理,1
eda,1
deo,1
unity-3d,1
ppt,1
unix编程,1
hbase,1
vba,1
processing,1
vim,1
Prolog,1
visual-basic.net,1
Puppet,1
iTran乐译,1
bug,1
web-2.0,1
Python数据采集,1
web-api,1
PyTorch,1
Android桌面,1
qcon,1
it项目管理,1
qt,1
it运维,1
qtp,1
cisco,1
Hive,1
ElasticSearch,1
rails,1
CTO,1
hotspot-vm,1
web应用开发,1
hr,1
windows-api,1
deploy,1
windows-shell,1
restful,1
windows操作系统,1
riak,1
xilinx,1
2015图灵图书,1
angular-2,1
rpg,1
javascript-mvc,1
rspec,1
阿兰-图灵,1
3d,1
Cisco技术,1
ruby2.0,1
安卓应用,1
Compass,1
jekyll,1
r包,1
半数值算法,1
ida-pro,1
Joel,1
sap,1
编程技能,1
bad-ui,1
编程思想,1
blog,1
cobol,1
omnigraffle,1
(空白),
总计,2799
