标签,reader
清华大学出版社,9200
企业模式,27300
Compass,17100
弦理论,8000
开发人员,12800
jvm,16100
宝石,4300
模拟和混合信号系统,10600
计算机历史,39800
ai-ebook,19600
反汇编,20600
影响地图,23100
回归测试,12900
思想,20900
智能制造,5300
流程,17700
windows-phone,12900
Spark,24100
移动游戏开发,19300
可扩展性,18200
数据科学,29000
Joel,4100
进程,23000
jolt大奖,8800
rpc,17600
angular,18700
安卓,21400
自然语言处理,18500
独立电子书,29600
Scala,39400
数字艺术,11500
hr,6100
o&#39;reilly,12400
逻辑题解析,18800
苹果开发,31300
fcoe,21200
图灵原创,23900
纪念图灵,7800
大数据,28800
人物,17600
安卓,43000
入侵,13600
ipad,12300
纪念图灵,35100
o&#39;reilly,12000
逆向分析,36200
数据科学家,10900
数据采集,109500
游戏机,14600
纪念图灵,16300
ios,16500
物联网,5900
游戏,11000
o&#39;reilly,11500
团队设计,14900
swift,11600
web编程,43400
儿童读物,27000
特刊,4200
版本控制,16800
redis,13800
ai-ebook,56600
翻译计划,57300
Metor,9300
挑战,22600
硅谷,4300
创业,36000
病毒,10600
rpc,7300
负载均衡,6400
数据科学,17100
前端,31800
元器件,12000
高可用架构,7200
职业素养,20100
码农,11900
太空,2900
敏捷,10400
restful,12600
敏捷,5600
mobile,10300
安卓应用,35900
韩语,8300
网络技术,10400
数据采集,29300
引力波,7500
写作软件,32500
angular,60900
网络技术,59000
质数,20600
精算师,10200
软件安全与逆向分析,8500
用户体验策略,6600
优质API,22500
高可用架构,8800
静态网站,12400
深度学习,9200
database,25000
张玳,5000
雷电,4300
生命科学,4600
manning,108000
rspec,13000
敏捷,10900
体验设计,7200
架构设计,12400
ui,7400
manning,22400
oracle-pl/sql,19700
数学科普,22900
ng-book,53300
机器人,8700
多线程,19700
敏捷项目,12000
用户思维,13400
设计的原则,10300
物联网,7000
react-native,30500
性能测试,29400
应用开发,13600
虚拟机,7000
mysql,21600
生命科学,13600
陶哲轩,23200
数据采集,17700
互联网产品设计,1300
引力波,1600
ux,1000
动物,303
函数式,16100
化石,4300
励志,20900
数据科学家,24100
24小时365天不间断服务,18200
网络游戏,17600
mean,18700
复杂系统,18500
Clojure,39400
设计师,11500
纪念图灵,18800
ios6,31300
fabricpath,21200
纪念图灵,17600
o&#39;reilly,12300
系统安全,36200
数据科学,10900
虚拟现实,5900
共享经济,11000
精益系列丛书,14900
团队,16800
七周,13800
在线评测,22600
o&#39;reilly,36000
hbase,6400
数据清洗,17100
系统安全,31800
电子电路,12000
深度学习,11900
航天,2900
微服务,12600
品牌策划,5600
安卓开发,35900
网络设计,10400
塞德里克&#183;维拉尼,20600
macos,8500
ux-strategy,6600
打印机,22500
site,12400
tensorflow,9200
韩语,4600
ai-ebook,108000
多设备,7200
ux,7400
PostgreSQL,19700
注意力,8700
成长型思维模式,13400
groovy,7000
PostgreSQL,21600
肠道细菌,13600
多人游戏,17600
ai-ebook,18500
Haskell,39400
平面设计,11500
拨云见日,21200
3d打印,5900
hbase,13800
纪念图灵,36000
独立电子书,6400
Python数据采集,17100
系统管理,31800
语音识别,11900
品牌设计,5600
特征选择方法,22500
deploy,12400
Theano,9200
物联网,4600
jvm,7000
jolt大奖,39400
设计,11500
可穿戴设备,5900
PostgreSQL,13800
网站架构,6400
图像识别,11900
keras,9200
无人机,4600
七周,39400
创设计：abduzeedo灵感指南,11500
比特币,5900
riak,13800
日志,6400
人文学,4600
无人机,5900
neo4j,13800
Storm,6400
跨学科,4600
电商,6400
消息队列,6400
大数据,2300
统计学,7600
人工智能,14500
神经网络,8900
交互设计,2800
机器学习,3300
计算机视觉,3900
Java,4000
应用开发,6400
移动开发,3000
android,12200
编程语言,45000
it职场,12700
网站开发,15600
google-glass,4800
设计,6400
python,32100
概率论,9500
c#,27700
linux,8000
面试,31600
linux,34100
程序员,18700
linux,10000
游戏,17000
交互设计,9700
少儿科普,2200
javascript,27000
科普,5500
linux,9200
lisp,9600
node,34400
android,48700
python,42700
数据压缩,6400
软件开发,16100
linux,8200
ruby,21700
ios开发,8200
社会化媒体,27300
程序设计,24400
音乐,2900
思考,13800
ios,32400
程序员,15300
程序员,21400
开关电源,7800
css,26800
程序员,15900
python,41400
程序员,19900
矩阵计算,5900
软件开发,12300
it人文,12900
物联网,8500
akb48,3700
计算理论,36900
css,17100
科普,5600
编译原理,40800
硅谷,5200
逆袭大学,5900
效果实例,5600
javascript,74300
图灵新知,8000
安全,11900
计算机,14900
python,49600
科普,7900
创业,10500
Erlang,16600
diy,34600
extjs,14000
ruby,22100
科普,29000
访谈,5200
windows编程,3900
架构师,12800
html5,17300
逆向工程,24700
交互设计,13300
数据结构,31800
访谈,4700
软件测试,10700
架构师,2400
敏捷开发,15300
用户体验,5700
Java,16100
管理,8700
开发,36700
科普,4300
心理学,5600
网络硬件,22200
程序员,20700
算法,17600
openstack,13900
软件开发,11900
面向模式的软件架构,9700
程序员,7300
javascript,25900
bootstrap,37200
c#,19700
思维,24200
jQuery,15300
linux,20000
网络与通信,85600
图灵书目,14600
电子电气,8100
ui,39000
机器学习,22700
科普,12900
jQuery,32000
计算机科学,94200
计算机视觉,12100
算法,93800
电路设计,10600
数学,8100
移动开发,10500
asp.net,12500
时间管理,10100
devops,6300
数学趣题,16100
it人文,33800
科技史,39800
Java,27700
设计师,14900
o&#39;reilly,15100
it人文,21700
哲学,5400
机器学习,19600
数据库,7300
设计模式,8500
python,96500
Java,22200
程序员,20200
大数据,12100
o&#39;reilly,52300
少儿科普,2200
it人文,20700
图灵书目,8100
javascript,11300
应用开发,5600
数据库,6400
逆向工程,20600
云计算,12800
php,11700
程序设计,26900
c#,12700
程序员,9300
移动开发,16000
产品经理,23100
数学,9600
o&#39;reilly,19800
少儿科普,2500
扩展,127200
unix,21300
云计算,19000
操作系统,11100
项目管理,8400
持续集成,12900
extjs,8400
javascript,24400
移动互联网,8100
it人文,20900
计算机,5300
数据结构,33100
groovy,17400
重构,8800
linux,38100
算法,25700
思考方法,22100
计算机,12900
nosql,29700
mac,12500
程序设计,11900
软件测试,6800
硬件产品,1500
历史,7200
开源,11800
android,9700
objective-c,25200
数学,20200
.net,6600
数学,18300
Scratch,11400
科普,7100
数据库,7900
项目管理,17700
信息安全,22800
指针,27000
设计,6900
android,12900
编译,3200
程序设计,8600
编程,15400
微软,1700
数据库,10900
it人文,7700
机器学习,24100
程序员,20200
产品经理,9700
图灵新知,3100
javacript,67400
网站分析,12000
用户体验,24500
未来,10300
CCNA,9300
javascript,32600
软件开发,16600
心理学,10300
量子物理学历史,3100
拓扑,4100
游戏,19300
科普,9500
Clojure,11500
产品经理,15500
负载均衡,18400
编程,24300
后端,18200
android,7600
敏捷开发,7500
硅谷,6400
软件开发,10100
产品经理,16400
javascript,55800
架构师,2700
python,29400
计算机科学,5100
C语言,22900
图灵新知,6600
经济管理,1300
数学,17800
机器学习,29000
项目管理,4100
软件架构,37000
正则表达式,9900
linux,27000
shell,23000
韩语,18200
R语言,13800
科普,16200
交互设计,7000
健康,32200
程序设计理论,6700
科学,3000
软件开发,14500
python,24500
swift,18300
机器学习,12300
科普,4000
项目管理,8800
数据库,5400
思考,10600
ruby,31900
移动开发,44400
android,19500
科学,10600
程序设计理论,11900
物理,10800
通信,6400
css,19300
教育,3100
安全,11400
数据库,18300
javascript,73000
独立电子书,26700
asp.net,14600
安全,21500
web安全,25300
游戏,17600
seo,11700
python,35500
javascript,12000
javascript,35300
程序设计理论,5400
数据可视化,7300
web编程与设计,9200
javascript,18400
cocoa,19000
javascript,25600
算法,18600
计算机工作基本原理,27200
程序员,17200
交互设计,10600
c++,25200
diy,13100
CIO,9200
科技史,16700
ruby,14300
html5,16100
交互设计,6500
nosql,13700
php,12000
erp,5200
矩阵计算,5400
软件开发,9800
大数据,26300
软件项目管理,9700
mongodb,18700
Lucene,18900
机器学习,29500
python,38600
objective-c,14900
html5,20700
Puppet,3500
少儿科普,1700
网站设计,7200
网站设计,4600
项目管理,8500
组合算法,10600
sql,12700
科普,9500
程序员面试,1800
软件工程,8000
javascript,27800
计算机工作基本原理,32900
韩语,7800
cocos2d-x,6200
好习惯,15900
swift,21800
敏捷开发,20800
linux,15000
nosql,19800
Erlang,20500
web开发,15100
移动开发,6600
ida-pro,11700
设计,10500
人工智能,6500
机器学习,4800
操作系统,8800
概率论,8300
命令行,15300
移动开发,21400
图书目录,18000
极客,21400
Go,40800
javascript,27900
程序员,19800
清华大学出版社,6600
程序员,24300
web设计,27700
javascript,15900
职业发展,11900
flash,12800
程序设计,26100
模式,5300
人工智能,4200
程序设计,28800
效率,1700
web开发,17000
人工智能,18500
c#,36200
4G,5000
程序员,16600
通信,29600
谭浩强,7100
程序员,76200
ruby,39400
科普,10500
illustrator,11500
项目管理,10200
微积分,27400
软件开发,8800
javascript,13600
科普,5400
互联网创业,6100
概率,4800
图书目录,2200
图灵新知,4700
php,25100
程序员,16100
oracle,13700
jQuery,15000
cisco,5900
windows操作系统,9100
软件测试,6800
数据库,12400
程序员,7800
用户体验,9000
云计算,17500
javascript,52400
独立电子书,26200
c#,18400
android,24300
求职招聘,18800
正则表达式,27700
算法,54400
清华大学出版社,6800
色彩,7600
cobol,7300
phone-7,5100
项目管理,9900
科普,10500
通信,6300
概率统计,24600
数据库,4400
程序员,25200
linux,33900
Java,26000
cocos2d-x,25800
科普,8400
编译器,14100
离散数学,39500
数据可视化,21600
科普,40000
CCNA,7600
项目管理,8400
极客,19600
php,9400
Java,11300
数据库,19900
数学,6000
software-design,20000
github,36000
android,15700
数据库,17000
云计算,6800
数据挖掘,38100
移动开发,31300
数据挖掘,22000
软件开发,10200
sap,9400
时间管理,37200
程序设计,16600
数据库,18500
科普,6200
设计,16000
概率统计,15500
科普,1200
数据挖掘,7700
程序设计,19800
程序设计,41600
统计,29200
hadoop,10800
移动开发,11200
Java,43300
OSGi,9900
云计算,21200
html5,16200
安全,27700
苹果公司,9700
图书目录,3100
android,23900
科普,7800
微积分,14000
设计,2200
程序设计,9400
编程,25100
黑客,3300
编程语言,6800
科普,8300
科普,15000
科普,4700
c++,12800
数学,7800
独立电子书,24200
html5,16700
iphone,13500
敏捷开发,16300
css,20500
jQuery,12700
设计模式,7300
布道者,12100
asp.net,7700
摄影,6900
it人文,5000
分析,6400
管理,9300
密码学,15700
算法,18100
算法,19900
物理,6900
ruby,28800
算法,34800
艺术,20900
程序设计,27200
python,9600
程序员,17700
敏捷开发,11600
游戏,54600
html5,14400
交互设计,18300
访谈,17600
移动开发,7700
数据库,6300
程序设计,2400
嵌入式linux,7300
粉丝经济,3700
科普,6400
python,31400
程序设计,43000
信息图,18700
数学,18600
安全,13600
产品经理,12300
人机交互,13000
C语言,31400
时间序列分析,6000
软件工程,8700
javascript,107500
项目管理,9500
html5,18400
web编程与设计,12900
科普,8300
程序设计,6400
git,40700
数据挖掘,27500
web开发,31100
javascript,16700
信息可视化,15100
科普,16300
Java,37300
计算机概论,35100
iphone,12000
android,36200
iphone,12900
求职招聘,14400
jQuery,16400
flash,8400
操作系统,27300
软件调试,7500
linux,30100
大数据,10900
python,109500
ios,20900
thoughtworks,1900
独立电子书,24600
javascript,20700
python,44200
程序设计,51600
程序员,21900
创业,22400
excel,13300
Java,9400
游戏,14600
思维修炼,16300
objective-c,16500
ppt,7700
linux,28400
程序设计,7500
韩语,7500
swift,7100
web设计软件,15100
javascript,21000
javascript,20400
C语言,25500
界面设计,14600
网络营销,8200
o&#39;reilly,25500
协议,89000
人工智能,36700
图灵书目,7400
数据挖掘,19400
javascript,10300
云计算,9000
css,15600
软件开发,6600
科普,5900
人工智能,11000
Java,29200
网络存储,5400
设计,10800
创业,6800
科普,6800
大数据,6900
架构师,3700
移动开发,19500
jQuery,16300
安全,12600
Go,20800
软件工程,13400
软件调试,4900
网络营销,4700
数据库,11500
电子设计,3600
计算机,15500
科普,7100
交互设计,4500
信息安全,8200
python,174200
程序设计,19500
用户体验,14900
科普,4400
unix,21000
创业,9100
移动开发,11600
cucumber,8200
web设计,43400
移动开发,12800
操作系统,50500
创业,5400
css,10400
python,27000
架构师,4200
网络存储,6100
前端,30800
数学,9300
科普,5800
分布式系统,16800
数学趣题,16200
it产业,5800
线性代数,47300
程序员,24500
数据挖掘,15000
objective-c,24100
图解,8900
艺术,9600
数据库,13800
图灵,56600
软件架构,57300
并发编程,54500
科普,5300
移动开发,13100
软件工程,6500
软件开发,34700
diy,8100
hadoop,11000
web开发,9300
ios,6800
垃圾回收,37800
数据结构,22600
python,13100
程序员,4300
lisp,5200
oracle,9800
产品经理,11200
概率统计,14200
科普,11700
开发,8300
设计,16200
计算机体系结构,19600
科普,12600
教育,5800
通信,7000
计算机,36000
安全,10600
数据挖掘,10400
游戏,11500
R语言,13600
c#,13400
web-api,13400
操作系统,50300
团队建设,12200
程序设计,12200
创业,3900
访谈录,6800
程序员,7300
心理学,30600
图灵新知,10100
数据挖掘,7300
机器学习,24200
nosql,13900
科普,22500
c++,41200
jQuery,11800
电路设计,2200
mysql,6400
javascript,46200
python,19300
web设计,27100
图灵新知,5600
数据库,30300
数据挖掘,17100
程序设计,31800
电子学,12000
数据库,7200
c++,15700
javascript,69600
数据库,89600
数学,13500
游戏,11400
.net,23400
编程,42700
程序员,20100
程序设计,16300
人工智能,11900
移动开发,9400
经管,4800
图灵新知,2900
程序设计,10400
web开发,9500
php,12600
算法,13400
创业,5600
编译器,43600
数据可视化,9700
Java,41100
css,50100
人工智能,30200
云计算,4900
数据可视化,27200
android,10300
数据库,2800
图灵新知,9400
Java,35900
数据可视化,21600
交互设计,7200
机器学习,8300
图灵新知,6800
hadoop,7300
设计,5300
python,28800
数据库,5800
visual-basic,5300
交互设计,10000
软件架构,29300
Go,48400
计算机科学,10400
大数据,13300
tcp/ip,31200
mac,16600
svg,8200
python,29300
Java,321100
unity-3d,16300
交互设计,12700
图灵新知,7500
django,19400
c#,15200
移动开发,7000
安全,9100
编程语言,17400
写作,32500
交互设计,4500
入门教程,60900
seo,21500
数据可视化,21200
程序员,16800
程序员,14700
you-don&#39;t-know-js,53100
javascript,9100
微积分,50500
网络与通信,59000
图灵新知,4900
科普,9100
python,22500
javascript,18500
程序员,20600
精益,6900
统计学,10200
数据库,15800
mysql,8600
数学,12100
科普,4700
python,7400
深度学习,4800
逆向工程,8500
Java,163800
交互设计,6600
c++,22500
人工智能,75600
Go 语言,11500
python,133100
性能,7100
游戏,9500
程序员,8800
数据库,5800
ruby,12400
网络编程,6700
电子商务,5800
客户开发,5000
ios,16200
管理,11100
python,19300
效率,25400
机器学习,9200
ruby,18900
数据库,25000
数据结构,41100
项目管理,10300
python,106500
经济管理,5000
Haskell,14100
科普,4300
HTTP,41200
linux,7500
科普,4600
数学,27300
人工智能,108000
编译原理,5400
测试,13000
程序设计,10900
软件工程,13700
数据库,7700
交互设计,7200
Java,18800
前端,18500
软件开发,12400
交互设计,7400
数据挖掘,22400
图书目录,28500
数据库,19700
javascript,14200
数据挖掘,1800
python,36800
搜索引擎,5400
软件工程,12200
移动开发,11100
python,37200
图灵新知,22900
web,53300
编程,24000
数学，标普,5100
大数据,12600
C语言,11500
hadoop,3500
人工智能,8700
交互设计,3600
hadoop,6200
移动开发,13100
Java,19700
thoughtworks,1900
Java,28600
时间管理,12000
数学,20100
移动开发,8300
移动开发,10700
程序设计,10400
Arduino,7200
交互设计,13400
软件工程,12600
python,36600
设计,10300
diy,12000
计算机科学,22200
html,35600
ruby,24600
javascript,50800
每周特价,8500
数学,12400
python,14800
交互设计,7000
大数据,8700
Java,10300
云计算,10900
移动开发,100600
独立电子书,45300
网络与通信,16600
python,35600
艺术,5400
用户体验,6700
程序员,14300
web开发,10300
javascript,11400
网络安全,26600
c++,13400
ios开发,5700
信息图,3600
Java,29500
图灵新知,8800
javascript,11500
游戏,7800
黑客,13300
线性代数,29600
广告,3800
程序设计,27700
运维,16200
javascript,30500
python,18800
javascript,5400
交互设计,4700
统计学,11800
数据挖掘,18100
python,23000
人物传记,4900
大数据,4200
性能,29400
科普,4100
android,128600
C语言,26000
移动开发,7200
程序设计,13000
.net,16400
设计,11500
运维,12400
移动开发,13600
Java,7000
数据库,21600
Java,10300
javascript,17400
科普,13600
电子电气,5600
数据仓库,6800
Go,18000
数学,23200
机器学习,5300
CCNA,5500
计算机,12800
神经网络,8500
python,22400
天文学,3500
python,16300
科普,6400
算法,29400
交互设计,3500
HTTP,14300
Java,17300
计算机英语,36000
kafka,49400
科普,5900
django,5600
python,17700
机器学习,6800
信息图,4200
程序设计,8300
交互设计,4900
编码,5700
算法,12700
程序设计,7300
科普,2700
python,2200
语音识别,2900
游戏,4300
设计,1000
效率,1600
程序员管理,828
算法,2800
移动开发,1500
创业,2000
统计学,1700
交互设计,1300
统计,1400
科普,1600
程序设计,1800
大数据,1300
项目管理,1300
交互设计,1000
科普,997
程序设计,3100
前端,2000
算法,423
rpg,1400
hadoop,2200
网络与通信,1300
交互设计,1800
韩语,1500
敏捷开发,1500
计算机科学,1300
css,3800
移动开发,2100
运维,1400
移动开发,988
少儿编程,740
科普,1200
程序设计,2400
程序设计,1600
架构,1500
Arduino,648
时间序列,1300
算法,2500
python,9600
Java,3100
游戏,714
机器学习,2000
生物学,303
Arduino,1500
游戏,1500
python,1700
python,4200
高等数学,2400
移动开发,1100
程序设计,2000
交互设计,299
运维,1300
javascript,1500
数据分析,2300
数学,7600
机器学习,14500
图解,8900
ux,2800
hadoop,3300
opencv,3900
比特币,6400
android,3000
移动ui设计,12200
自制,45000
it项目管理,12700
渐进增强,15600
清华大学出版社,6400
数学,9500
清华大学出版社,8000
shell,34100
码农,18700
网络编程,10000
游戏设计,17000
用户体验,9700
自行车,2200
html5,27000
科技发展,5500
嵌入式,9200
Clojure,9600
计算机视觉,42700
图像处理,6400
software-design,16100
驱动,8200
tcp/ip,21700
营销,27300
古典音乐,2900
思维,13800
ios开发,32400
码农,15300
码农,21400
电子学,7800
html,26800
码农,15900
机器学习,41400
码农,19900
数学,5900
文集,12300
阮一峰,12900
智能硬件,8500
粉丝经济,3700
编程,36900
web,17100
天文学,5600
脚本,40800
web-2.0,5200
it学子成长指导,5900
设计,5600
独立电子书,74300
物理,8000
肢体语言,11900
访谈,14900
编程,49600
脑科学,7900
精益创业,10500
自制,34600
javascript框架,14000
网站开发,22100
哲学,29000
CIO,5200
设计师,12800
SSE,17300
韩语,24700
用户体验,13300
算法,31800
企业管理,4700
architect,2400
领域特定语言,15300
可用性测试,5700
Scala,16100
ceo,8700
node,36700
图灵新知,4300
码农,20700
p/np问题,17600
部署,13900
敏捷开发,11900
html5,25900
并发编程,19700
温伯格,24200
javascript框架,15300
Linux架构,20000
协议,85600
图灵目录,14600
运算放大器,8100
独立电子书,39000
Mahout,22700
数学,12900
javascript框架,32000
独立电子书,94200
opencv,12100
独立电子书,10600
达尔文,8100
objective-c,10500
网站运维,6300
顾森,16100
读书笔记,33800
图灵新知,39800
性能,27700
设计,14900
小说,21700
大数据,19600
mariadb,7300
基础设施,8500
web开发,96500
程序员,22200
码农,20200
数据处理,12100
浏览器,52300
营养学,2200
读书笔记,20700
图灵目录,8100
windows-8.1,5600
oracle,6400
逆向分析,20600
docker,12800
mysql,11700
并发,26900
数据库,12700
思维,9300
设计模式,16000
持续交付,23100
图灵新知,9600
openflow,19800
牙齿,2500
独立电子书,127200
内核,21300
hadoop,19000
unix,11100
版本管理,12900
javascript框架,8400
程序设计,24400
独立电子书,8100
成功,20900
人工智能,5300
算法,33100
故事,25700
解题,22100
产品经理,12900
云计算,29700
独立电子书,12500
c++,11900
loadrunner,6800
研发,1500
游戏机,7200
云,11800
韩语,9700
ios,25200
游戏,20200
框架设计,6600
统计,18300
少儿,11400
图解,7100
oracle,7900
工作流,17700
社会工程,22800
C语言,27000
情感设计,6900
用户体验,12900
C语言,3200
qt,15400
敏捷,1700
web前端,10900
程序员,24100
游戏设计,20200
产品管理,9700
南极,3100
angular,67400
Web分析,12000
设计,24500
小说,10300
思科认证,9300
前端,32600
jQuery,16600
脑科学,10300
数学,4100
手机游戏开发,19300
图灵新知,9500
面试,15500
服务器,18400
processing,24300
基础设施,18200
计算机历史,6400
software-design,10100
项目管理,16400
node,55800
architect,2700
NumPy,29400
组合算法,5100
c标准,22900
量子力学,6600
大数据,29000
软件开发,4100
架构师,37000
故事,27000
正则表达式,23000
tcp/ip套接字,18200
汽车,16200
ios,7000
独立电子书,32200
计算机程序设计艺术,6700
敏捷开发,14500
web开发,24500
测试驱动开发,12300
图灵新知,4000
软件开发,8800
oracle,5400
思维,10600
ruby2.0,31900
android,44400
科普读物,10600
计算机程序设计艺术,11900
多元宇宙,10800
通信原理,6400
xml,19300
儿童读物,3100
逆向工程,11400
web前端,18300
you-don&#39;t-know-js,73000
物联网,26700
api,14600
渗透测试,21500
日文书,17600
搜索引擎优化,11700
web开发,12000
前端,35300
计算机程序设计艺术,5400
设计,7300
网络营销,9200
web开发,18400
swift,19000
Java,25600
程序设计竞赛,18600
组成原理,27200
码农,17200
项目管理,10600
编程,25200
自制,13100
首席信息官,9200
计算机语言,16700
松本行弘,14300
用户体验,6500
云计算,13700
清华大学出版社,5200
数学,5400
软件调试,9800
数据分析,26300
项目百态,9700
web开发,18700
Solr,18900
图解,29500
网络编程,38600
iphone开发,14900
css,20700
系统管理,3500
能源,1700
设计,7200
转换率,4600
jolt大奖,10600
数据库编程,12700
数学,9500
软件项目管理,8000
数据结构,27800
渗透测试,7800
韩语,6200
小决心,15900
数据分析,20800
shell脚本编程,15000
云计算,19800
并发,20500
node,15100
iphone,6600
数据挖掘,6500
linux,8800
数据,15300
android,21400
图灵书目,18000
爱情,21400
全栈开发,27900
码农,19800
eda,6600
码农,24300
node,27700
前端,15900
求职招聘,11900
actionscript,12800
ruby,26100
网站设计,5300
数据挖掘,4200
移动开发,28800
时间管理,1700
响应式设计,17000
机器学习,18500
游戏,36200
移动通信,5000
码农,16600
数学,29600
C语言,7100
码农,76200
Erlang,39400
数学史,10500
photoshop,11500
软件开发,10200
数学,27400
文集,8800
图灵新知,5400
招聘,6100
精算,4800
书目,2200
亲子,4700
mysql,25100
码农,16100
dba,13700
javascript框架,15000
ipsec-vpn,5900
windows-api,9100
自动化测试,6800
nosql,12400
职业规划,7800
网站设计,9000
程序员,17500
设计模式,52400
app-inventor,26200
黑客,24300
面试,18800
o&#39;reilly,27700
排序,54400
axure-rp,6800
大型机,7300
o&#39;reilly,9900
数学,10500
通信原理,6300
数学,24600
sql,4400
node,25200
函数式编程,26000
游戏,25800
粒子物理,8400
代码优化,14100
计算机科学,39500
代码外的,21600
数学,40000
Cisco技术,7600
软件开发,8400
程序员,19600
软件开发,9400
Scala,11300
mysql,19900
音乐,6000
git,36000
PostgreSQL,17000
openstack,6800
统计,38100
iphone开发,31300
大数据,22000
敏捷开发,10200
erp,9400
番茄工作法,37200
c#,16600
mysql,18500
科技史,6200
版式设计,16000
数学,15500
图灵新知,1200
大数据,7700
Scala,19800
o&#39;reilly,41600
数据分析,29200
大数据,10800
android,11200
jvm上的多语言编程,43300
面向模块开发,9900
虚拟化,21200
o&#39;reilly,16200
web安全,27700
iphone,9700
iphone开发,23900
心理学,7800
科普,14000
设计思考,2200
Erlang,9400
函数式编程,25100
安全,3300
程序员,6800
天文学,8300
图灵新知,15000
遗传学,4700
翻译技巧,24200
css,16700
App应用,13500
jolt大奖,16300
设计,7300
技术推广,12100
程序设计,7700
创业,5000
数学,6400
数据分析,9300
安全,15700
计算机科学,18100
图论,19900
理论物理,6900
松本行弘,28800
计算机科学,34800
平面设计,20900
.net,27200
云计算,9600
码农,17700
精益,11600
unity,54600
产品设计,18300
技术史,17600
android,7700
oracle,6300
编程,2400
娱乐文化,3700
东京大学,6400
数据分析,31400
移动开发,43000
可视化,18700
数学思维,18600
汽车,13600
iphone开发,12300
api,13000
c指针,31400
数理统计,6000
前端,107500
软件开发,9500
css,18400
php,12900
物理,8300
正则表达式,6400
独立电子书,40700
大数据,27500
设计,31100
前端,16700
infographic,15100
图灵新知,16300
api,37300
计算机文化,35100
ios,12000
破解,36200
ios,12900
职业规划,14400
javascript框架,16400
actionscript,8400
linux,27300
unix,30100
统计,10900
数据挖掘,109500
安全,20900
科技即商业,1900
webkit,24600
移动开发,20700
算法,51600
码农,21900
jolt大奖,22400
vba,13300
任天堂,14600
学习,16300
iphone开发,16500
unix,28400
重构,7500
docker,7500
html5,15100
异步编程,21000
web开发,20400
可用性,14600
社交网络,8200
node,25500
计算机网络,89000
推荐系统,36700
图灵目录,7400
数据库,19400
前端,10300
yuntable,9000
R语言,6600
图灵新知,5900
机器学习,11000
性能优化,29200
drbd,5400
访谈,6800
宇宙,6800
企业管理,6900
infoq,3700
设计,19500
jquery-mobile,16300
bug,12600
文集,13400
硬件排错,4900
社交网络,4700
nosql,11500
软件开发,15500
科学素养,7100
ui,4500
web安全,8200
独立电子书,174200
算法,19500
敏捷开发,14900
东京大学,4400
ruby,21000
程序员,9100
程序员,11600
html5,43400
PhoneGap,12800
自制,50500
techstars,5400
编程,27000
infoq,4200
清华大学出版社,6100
React,30800
小波,9300
思维修炼,5800
软件开发,16800
数学,16200
经济,5800
数学,47300
码农,24500
大数据,15000
ios编程,24100
openflow,8900
平面设计,9600
nosql,13800
图灵机,56600
iTran乐译,57300
Go,54500
建筑学,5300
objective-c,13100
开发过程系列,6500
持续交付,34700
电子实验,8100
大数据,11000
前端,9300
独立电子书,6800
计算机算法,37800
算法,22600
性能优化,13100
架构,4300
云数据库,9800
互联网,11200
图灵新知,11700
asp,8300
可用性,16200
常数,12600
出国,5800
移动通信,7000
it人文,36000
黑客攻防,10600
数据库,10400
游戏设计,11500
数据分析,13600
游戏,13400
linux,50300
企业管理,12200
移动开发,12200
程序员,3900
风险投资,6800
架构,7300
设计,30600
科普数学,10100
大数据,7300
数据挖掘,24200
数学,22500
独立电子书,2200
网站开发,6400
web开发,46200
数据科学,19300
html5,27100
少儿科普,5600
sql,30300
数据库,17100
安全,31800
硬件,12000
mysql,7200
api,15700
html5,69600
sql,89600
费马大定理,13500
c#,23400
数学,42700
软件设计,20100
html5,16300
机器学习,11900
ios,9400
可口可乐,4800
航空,2900
软件工程,10400
前端,9500
接口,12600
计算机科学,13400
精益,5600
自制,43600
数据分析,9700
函数式编程,41100
响应式设计,50100
机器学习,30200
大数据,4900
数据分析,27200
ios,10300
sql,2800
天文,9400
移动开发,35900
数据分析,21600
体验设计,7200
数据挖掘,8300
少儿科普,6800
大数据,7300
ui,5300
网络编程,28800
oracle,5800
独立电子书,5300
用户体验,10000
系统设计,29300
独立电子书,48400
网络,10400
数据分析,13300
计算机网络,31200
苹果电脑,16600
数据分析,29300
独立电子书,321100
韩语,16300
用户体验,12700
天文学,7500
独立电子书,19400
软件开发,15200
设计模式,7000
渗透测试,9100
程序员,17400
mac,32500
用户体验,4500
javascript-mvc,60900
自制,21500
数据分析,21200
码农,16800
职业素养,14700
前端,9100
数学,50500
tcp/ip,59000
少儿科普,4900
物理,9100
程序设计,22500
数学,20600
精益企业,6900
随机过程,10200
redis,15800
mariadb,8600
图灵新知,12100
地球,4700
开源技术,7400
tensorflow,4800
mac,8500
独立电子书,163800
用户体验,6600
测试驱动开发,22500
机器学习,75600
并发编程,11500
程序设计,133100
设计,7100
cocos2d,9500
架构,8800
db2,5800
blog,12400
ios,6700
seo,5800
精益系列丛书,5000
多线程,16200
运维,11100
机器学习,19300
时间管理,25400
神经网络,9200
编程语言,18900
mysql,25000
算法,41100
软件开发,10300
营销,5000
函数式编程,14100
图灵新知,4300
独立电子书,41200
安全,7500
大数据,4600
数学女孩,27300
机器学习,108000
编译,5400
rails,13000
软件开发,10900
独立电子书,13700
数据可视化,7700
用户体验,7200
React,18500
软件架构,12400
心理学,7400
大数据,22400
图灵图书,28500
sql,19700
程序设计,14200
大数据,1800
独立电子书,5400
独立电子书,12200
android,11100
实战,37200
哲学,22900
前端,53300
数学思维,5100
数据分析,12600
现代编程,11500
数据分析,3500
阿兰-图灵,8700
精益,3600
大数据,6200
ios,13100
设计模式,19700
科技即商业,1900
设计模式,28600
码农,12000
图灵新知,20100
android,8300
ios,10700
软件开发,10400
创客,7200
用户体验,13400
独立电子书,12600
机器学习,36600
码农,10300
电子实验,12000
排序,22200
web开发,35600
网站开发,24600
you-don&#39;t-know-js,50800
数学女孩,12400
数据科学,14800
用户体验,7000
独立电子书,8700
kubernetes,10900
android,100600
vue.js,45300
物联网,16600
数据挖掘,35600
平面设计,5400
性能优化,6700
git,14300
安全,10300
web前端开发,11400
黑客攻防,26600
测试驱动开发,13400
swift,5700
美食,3600
spring,29500
物理,8800
web开发,11500
游戏设计,7800
安全,13300
数学,29600
品牌,3800
编程技能,27700
docker,16200
移动开发,30500
大数据,18800
web开发,5400
用户体验,4700
大数据,11800
数据分析,18100
数据分析,23000
足球,4900
韩语,4200
图解,29400
kotlin,128600
ios,7200
编程,13000
c#,16400
devops,12400
用户体验,13600
Scala,7000
oracle,21600
数据结构,17400
生物学,13600
开关电源,5600
大数据,6800
图灵新知,23200
数据挖掘,5300
思科认证,5500
diy,12800
独立电子书,8500
编程入门,22400
黑客攻防,16300
宇宙,6400
ruby,29400
工业设计,3500
网络架构,14300
人工智能,17300
程序员,36000
数学,5900
独立电子书,5600
数据分析,17700
统计方法,6800
韩语,4200
css,8300
界面设计,4900
高效编程,5700
韩语,12700
c++,7300
图灵新知,2700
数据科学,2200
游戏编程,4300
UCD,1000
设计,1600
韩语,828
韩语,2800
ios,1500
程序员,2000
逻辑,1700
产品设计,1300
图灵新知,1600
Java,1800
信息可视化,1300
管理,1300
设计,1000
生物学,997
程序员,3100
bootstrap,2000
韩语,423
韩语,1400
大数据,2200
协议,1300
设计,1800
游戏关卡设计,1500
web开发,3800
android,2100
架构设计,1400
web开发,988
MInecraft,740
数学,1200
Java,2400
软件开发,1600
微服务,1500
韩语,648
深度学习,1300
入门,2500
人工智能,9600
垃圾回收,3100
unity,714
算法,2000
图灵新知,303
韩语,1500
剧本,1500
程序设计,1700
人工智能,4200
android,1100
ruby,2000
用户体验,299
devops,1300
web开发,1500
Spark,2300
陶哲轩,7600
数据分析,14500
深度学习,8900
体验设计,2800
深度学习,3300
黑客,3000
系统移植,8000
电子杂志,18700
清华大学出版社,10000
网站设计,9700
css,27000
系统开发,9200
清华大学出版社,8200
管理,27300
少儿科普,2900
咨询,13800
ios-7,32400
杂志,21400
响应式web设计,26800
ai-ebook,41400
mac,19900
thoughtworks,12300
o&#39;reilly,12900
偶像经济,3700
程序,36900
前端,17100
图解,5600
自制,40800
webgl,74300
量子物理,8000
社会工程,11900
未来,14900
儿童读物,49600
商业模式,10500
cpu,34600
独立电子书,22100
企业管理,5200
设计,12800
推送,17300
软件开发,31800
CTO,4700
DSL,15300
Clojure,16100
deo,8700
express,36700
地质,4300
电子杂志,20700
计算复杂度,17600
scrum,11900
css,25900
Linux应用技巧,20000
计算机网络,85600
sketch,39000
智能应用,22700
建筑,12900
视觉编程,12100
电路,10600
生物进化,8100
ios开发,10500
阮一峰,33800
信息论,39800
独立电子书,14900
it运维,21700
数据分析,19600
infra,8500
Flask,96500
码农,22200
linus,20200
Storm,12100
消化器官,2200
阮一峰,20700
清华大学出版社,5600
清华大学出版社,6400
软件安全,20600
web-开发,11700
并发模型,26900
需求,12700
职业素养,9300
移动ui,16000
软件交付,23100
sdn,19800
chrome,127200
源代码,21300
团队开发,12900
ext-js,8400
前端,24400
学习方法,20900
计算机科学,5300
温伯格,22100
mongodb,29700
omnigraffle,12500
性能测试,6800
openstack,11800
硬件,9700
swift,25200
物理,20200
数据分析,18300
化学,7100
jBPM,17700
ios,12900
韩语,15400
WEB+DB,10900
大数据,24100
码农,20200
web--analytics,12000
科幻小说,10300
路由和交换认证,9300
jquery-mobile,16600
说服力,10300
unity,19300
科幻,9500
网络架构,18400
模拟自然,24300
高性能,18200
o&#39;reilly,16400
物理,6600
数据分析,29000
阮一峰,4100
linus,27000
vim,23000
清华大学出版社,7000
职业素养,14500
测试驱动开发,24500
ai-ebook,12300
气象,4000
文集,8800
咨询,10600
生活,10600
科幻小说,10800
无线通信,6400
svg,19300
亲子,3100
WEB+DB,18300
web,14600
kali-linux,21500
MMORPG,17600
node,12000
信息可视化,7300
seo,9200
web开发,25600
韩语,18600
互联网,10600
3d打印,13100
计算机历史,16700
独立电子书,14300
seo,6500
mongodb,13700
Spark,26300
node,18700
全文检索,18900
ipad开发,14900
太阳能,1700
seo,4600
模式,12700
jolt大奖,8000
算法,27800
恶意代码,7800
移动游戏开发,6200
精益,20800
韩语,15000
mongodb,19800
manning,20500
ipad,6600
unix,8800
程序员,21400
独立电子书,21400
web-app,19800
zynq,6600
web编程,27700
游戏,12800
编程思想,26100
设计,5300
ios,28800
复杂性,18500
unity,36200
亲子,16600
信息论,29600
Prolog,39400
创意,11500
thoughtworks,8800
韩语,5400
精益创业,6100
2015图灵图书,2200
windows-shell,9100
qtp,6800
cassandra,12400
职业素养,7800
设计,9000
docker,17500
安全,24300
求职,18800
原型设计,6800
程序员的数学,24600
码农,25200
lambda,26000
捕鱼达人,25800
数学,39500
纪念图灵,40000
模式,8400
职业发展,19600
jolt大奖,11300
版本管理,36000
R语言,38100
ipad开发,31300
海量数据,22000
pragmatic,10200
敏捷开发,37200
manning,16600
科学家,6200
设计原则,16000
统计,15500
韩语,1200
分布式,7700
C语言,41600
统计思维,29200
数据分析,10800
manning,43300
manning,9900
云计算网络,21200
黑客攻防,27700
cocos2d-x,23900
认知,7800
数学史,14000
创新思考,2200
函数式,25100
移动安全,3300
架构,6800
脑科学,15000
基因,4700
实例化需求,16300
清华大学出版社,7300
团队沟通,12100
企业管理,9300
密码技术,15700
数学,19900
云计算,28800
计算数学,34800
设计,20900
c#,27200
gae,9600
看板,11600
可用性,18300
软件,17600
性能优化,6300
职业素养,2400
NumPy,31400
android,43000
独立电子书,13600
ipad开发,12300
kinect,13000
金融学,6000
mysql,12900
数据分析,27500
o&#39;reilly,31100
json,16700
信息图,15100
人物传记,16300
kernighan,35100
ipad,12000
加密,36200
开发技巧,12900
manning,16400
游戏,8400
程序设计,27300
内核,30100
R语言,10900
大数据,109500
商业洞见,1900
chromium,24600
前端,20700
acm,51600
o&#39;reilly,22400
企业管理,14600
创新,16300
ipad开发,16500
3d,15100
前端,20400
移动产品,14600
设计心理学,8200
HTTP,89000
r包,6600
无线通信,5900
科普,11000
清华大学出版社,5400
游戏,6800
决策自动化,6900
o&#39;reilly,19500
o&#39;reilly,16300
敏捷开发,13400
品牌,4700
云计算,11500
github,15500
东京大学,7100
体验设计,4500
社会工程,8200
o&#39;reilly,14900
unix编程,21000
硅谷,9100
苹果,11600
css,43400
跨平台应用,12800
jolt大奖,27000
qcon,4200
工程数学,9300
东京大学,5800
git,16800
日本经济,5800
程序员的数学,47300
数据科学,15000
设计,9600
mongodb,13800
charles-petzold,56600
开源,57300
mac,13100
manning,6500
敏捷开发,34700
o&#39;reilly,8100
框架,9300
swift,6800
acm,22600
性能分析,13100
google,4300
oracle-database-12c,9800
产品设计,11200
热门技术,11700
清华大学出版社,8300
代码外的,16200
宇宙,12600
通信原理,7000
黑客,36000
电子书,10600
数据分析,10400
unity,13400
shell脚本编程,50300
高效,12200
app-inventor,12200
高可用架构,3900
并发,7300
设计心理学,30600
人物传记,10100
算法,24200
电路,2200
redis,6400
前端,46200
css,27100
数学科普,5600
数据可视化,17100
web安全,31800
创客,12000
nosql,7200
css,69600
数学女孩,13500
程序员的数学,42700
敏捷开发,20100
神经网络,11900
企业敏捷,4800
宇航员,2900
软件开发,10400
数据处理,9500
api,12600
半数值算法,13400
产品开发,5600
底层,43600
lambdas,41100
数据挖掘,30200
网络架构,4900
o&#39;reilly,27200
LBS,10300
清华大学出版社,2800
科普,9400
android,35900
移动终端,7200
R语言,8300
数学科普,6800
独立电子书,7300
bad-ui,5300
web应用开发,28800
sql,5800
visual-basic.net,5300
可用性,10000
系统管理,29300
网络管理,10400
Spark,13300
使用技巧,16600
数据处理,29300
移动游戏开发,16300
界面设计,12700
物理,7500
每周特价,19400
swift,7000
metasploit,9100
码农,17400
独立电子书,32500
工业设计,4500
独立电子书,60900
搜索引擎,21500
Tableau,21200
纪念图灵,14700
计算机网络,59000
数学科普,4900
软件开发,22500
码农,20600
概率论,10200
韩语,8600
科普数学,12100
宇宙,4700
韩语,7400
逆向分析,8500
ux,6600
指针,22500
算法,75600
码农,11500
docker,8800
清华大学出版社,5800
独立电子书,12400
清华大学出版社,6700
网站,5800
内存管理,16200
devops,11100
敏捷开发,25400
图像处理,9200
dba,25000
函数式编程,41100
敏捷,10300
企业管理,5000
物理,4300
清华大学出版社,7500
图灵新知,4600
数据挖掘,108000
C语言,5400
独立电子书,13000
持续交付,10900
数据分析,7700
产品开发,7200
tomcat,12400
设计,7400
统计,22400
2016,28500
sql-server,19700
计算机科学,14200
r,1800
数据处理,5400
项目开发,37200
计算机科学方向,22900
angular,53300
图灵数学,5100
Spark,12600
码农,8700
ui,3600
swift,13100
并发,19700
商业洞见,1900
图解,28600
高效,12000
数学科普,20100
Android桌面,8300
swift,10700
优秀程序员,10400
产品设计,13400
糟糕的设计,10300
趣味科学,12000
查找,22200
设计,35600
独立电子书,24600
哥德尔不完备定理,12400
ui,7000
zookeeper,8700
docker容器,10900
IoT,16600
大数据,35600
设计,5400
性能,6700
版本控制,14300
前端,10300
浏览器,26600
经典读物,8800
前端,11500
病毒,13300
管理技巧,3800
容器,16200
软件开发,30500
数据分析,18800
前端,5400
沟通,4700
图灵新知,11800
数据科学,18100
足球教育,4900
性能调优,29400
独立电子书,128600
职业修养,13000
微软,16400
docker,12400
ios,13600
Clojure,7000
sql,21600
算法,17400
图灵新知,13600
数据科学,6800
数学之美,23200
大数据,5300
路由和交换认证,5500
独立电子书,12800
深度学习,8500
韩语,16300
码农,6400
谜题,29400
网络技术,14300
机器学习,17300
韩语,36000
图灵新知,5900
数据处理,17700
大数据,6800
前端,8300
ui,4900
韩语,5700
性能优化,7300
韩语,2700
ui,1000
沟通,1600
Scratch,2800
swift,1500
数据科学,1700
ui,1300
物理,1600
并发编程,1800
信息图,1300
敏捷,1300
工业设计,1000
图灵新知,997
面试指南,3100
少儿编程,423
游戏关卡设计,1400
Hive,2200
计算机网络,1300
ui,1800
FPS,1500
前端,3800
微服务,1400
图灵新知,1200
tensorflow,1300
小白,2500
机器学习,9600
hotspot-vm,3100
移动游戏开发,714
韩语,2000
科学发现,303
机器学习,4200
matz,2000
用户体验设计,299
微服务,1300
前端,1500
实分析,7600
安全,3000
设计,27000
arm,9200
o&#39;reilly,27300
温伯格,13800
每周特价,41400
代码,36900
Sass,17100
天文摄影,5600
脚本语言,40800
three.js,74300
超弦理论,8000
读心术,11900
ai-ebook,14900
硬件,34600
ruby-on-rails,22100
软件发布,12800
首席技术官,4700
manning,15300
函数式编程,16100
自然,4300
html,25900
HTTP,85600
矢量图,39000
Verilog-A/AMS,10600
ai-ebook,8100
独立电子书,33800
香农,39800
Spark,19600
独立电子书,20700
底层,20600
独立电子书,11700
独立电子书,12700
程序开发,9300
独立电子书,23100
javacript,127200
缺陷管理,12900
基础教程,24400
修炼,20900
机器人,5300
图表,12500
大数据，云计算,11800
化学元素,7100
BPM治理,17700
移动设计,12900
码农,24100
游戏机,20200
独立电子书,10300
考试指南,9300
移动应用,16600
unity3d,19300
ai-ebook,24300
服务器,18200
产品开发,16400
超弦理论,6600
可视化,29000
乔尔,4100
人物传记,27000
命令行,23000
扁平化,7000
pragmatic,14500
joel-spolsky,8800
咨询的奥秘,10600
独立电子书,10800
套接字,17600
信息设计,7300
新思维,10600
mruby,14300
express,18700
ElasticSearch,18900
ios编程,14900
o&#39;reilly,4600
反模式,12700
Android移动,7800
精益系列丛书,20800
manning,19800
manning,6600
码农,21400
xilinx,6600
swift,28800
深度学习,18500
南梦宫,36200
香农,29600
Io,39400
艺术,11500
精益企业,6100
云计算,12400
代码外的,9000
kubernetes,17500
Android开发,24300
解题,18800
全栈开发,25200
函数式,26000
具体数学,39500
jolt大奖,8400
o&#39;reilly,19600
manning,38100
ios,31300
纪念图灵,6200
代码外的,16000
数据分析,15500
openflow,21200
游戏,23900
思维,7800
数学,14000
Go,6800
注意力,15000
manning,16300
创新,12100
编程语言,28800
写给大家看的设计书,20900
scrum,11600
代码外的,18300
编程,17600
日记,6300
Android开发,43000
wooyun,13600
iphone,12300
体感交互,13000
数据科学,27500
bootstrap,31100
数字时代,35100
游戏,12000
解密,36200
shell,27300
r,10900
网络爬虫,109500
react-native,20700
精益系列丛书,22400
企业家,14600
认知,16300
模式,16500
webgl,15100
动画,20400
o&#39;reilly,89000
韩语,5900
互联网,11000
知识自动化,6900
o&#39;reilly,13400
mongodb,11500
精益设计,14900
进程,21000
码农,9100
ios,11600
响应式设计,43400
儿童教育,27000
全球企业开发大会,4200
协作,16800
电子产业,5800
数据清洗,15000
写给大家看的设计书,9600
CouchDB,13800
纪念图灵,56600
开放书,57300
jolt大奖,34700
全栈,9300
程序设计竞赛,22600
twitter,4300
tom-kyte,9800
无人机,11700
纪念图灵,12600
文集,36000
码农,10600
合作,12200
少儿编程,12200
分布式,7300
认知,30600
数学物理学,10100
推荐系统,24200
nginx,6400
web开发,27100
码农,17100
开发,31800
电子技术,12000
程序员,7200
web开发,69600
o&#39;reilly,20100
推荐系统,11900
少儿科普,2900
极限编程,10400
客户端存储,9500
独立电子书,12600
计算数学,13400
精益系列丛书,5600
移动应用,10300
Android开发,35900
数据分析,8300
zookeeper,7300
从失败中学习,5300
性能优化,5800
微服务,29300
以太网,10400
使用捷径,16600
网络爬虫,29300
ux,12700
科普读物,7500
京东,17400
scrivener,32500
人本,4500
开源技术,60900
搜索引擎优化,21500
计算机工作基本原理,59000
模式,22500
万能证明,20600
数学,10200
恶意代码,7400
软件安全,8500
商业策略,6600
码农,22500
计算机科学,75600
云平台,11500
容器,8800
jekyll,12400
站长,5800
凤凰项目,11100
独立电子书,9200
mariadb,25000
倒漏斗,5000
气象,4300
机器人,4600
算法,108000
ruby-on-rails,13000
代码,10900
r,7700
物联网,7200
服务器,12400
认知,7400
R语言,22400
mysql,19700
Web分析,14200
集群,5400
项目,37200
科学史,22900
angular-2,53300
数学科普,5100
商业智能,8700
ux,3600
图解,19700
gof,28600
小决心,12000
Launcher,8300
持续学习,13400
设计的元素,10300
前端,35600
ruby-on-rails,24600
不完全性定理,12400
ux,7000
etcd,8700
数据科学,35600
码农,6700
源代码管理,14300
少儿科普,8800
react-native,11500
日本经济,3800
微服务,16200
前端,30500
统计,11800
自我启发,4900
性能分析,29400
容器,12400
性能,13600
kotlin,7000
sql-server,21600
健康,13600
数学思维,23200
考试指南,5500
电子电路,12800
PyTorch,8500
挑战,29400
韩语,5900
数据科学,17700
统计,6800
体验设计,4900
ux,1600
ux,1300
韩语,1600
ui,1000
韩语,997
HTTP,1300
ux,1800
系统维护,1400
keras,1300
菜鸟,2500
深度学习,9600
算法交易系统,2000
科普，数学,303
简约至上,299
SRE,1300
React,1500
